[
  {
    "id": "a4202c95-cb17-4a69-8118-9468731c4b16",
    "data": [
      {
        "text": "hello",
        "userDefined": false
      }
    ],
    "isTemplate": false,
    "count": 0
  },
  {
    "id": "2f3e00bd-e07d-441e-8d78-f3262bd0565a",
    "data": [
      {
        "text": "salve",
        "meta": "@sys.ignore",
        "userDefined": false
      }
    ],
    "isTemplate": false,
    "count": 0
  },
  {
    "id": "fabdc53d-d094-4352-bcbf-58802929620e",
    "data": [
      {
        "text": "ciao",
        "userDefined": false
      }
    ],
    "isTemplate": false,
    "count": 0
  }
]