[
  {
    "id": "564fe893-50aa-4250-bb05-62dbe3bf34f8",
    "data": [
      {
        "text": "e per ",
        "userDefined": false
      },
      {
        "text": "sciare",
        "alias": "activity",
        "meta": "@activity",
        "userDefined": true
      }
    ],
    "isTemplate": false,
    "count": 0,
    "updated": 0
  },
  {
    "id": "789d3bf7-b2cd-4975-aae7-0d40242e2fe5",
    "data": [
      {
        "text": "anche ",
        "userDefined": false
      },
      {
        "text": "nuotare",
        "alias": "activity",
        "meta": "@activity",
        "userDefined": true
      }
    ],
    "isTemplate": false,
    "count": 0,
    "updated": 0
  },
  {
    "id": "8630efab-d4e2-497a-99e3-70e6e2576a58",
    "data": [
      {
        "text": "e ",
        "userDefined": false
      },
      {
        "text": "nuotare",
        "alias": "activity",
        "meta": "@activity",
        "userDefined": true
      }
    ],
    "isTemplate": false,
    "count": 0,
    "updated": 0
  }
]