[
  {
    "id": "a87d1247-db56-4dd1-a939-064894b1d8b2",
    "data": [
      {
        "text": "e anche per ",
        "userDefined": false
      },
      {
        "text": "oggi",
        "alias": "date-time",
        "meta": "@sys.date-time",
        "userDefined": true
      }
    ],
    "isTemplate": false,
    "count": 0,
    "updated": 0
  },
  {
    "id": "01ac497b-662a-4bb8-940e-d3a44647621b",
    "data": [
      {
        "text": "per ",
        "userDefined": false
      },
      {
        "text": "domani",
        "alias": "date-time",
        "meta": "@sys.date-time",
        "userDefined": true
      }
    ],
    "isTemplate": false,
    "count": 0,
    "updated": 0
  },
  {
    "id": "921b7018-a972-4a48-af03-5f681e9fa2a3",
    "data": [
      {
        "text": "anche ",
        "userDefined": false
      },
      {
        "text": "oggi",
        "alias": "date-time",
        "meta": "@sys.date-time",
        "userDefined": true
      }
    ],
    "isTemplate": false,
    "count": 0,
    "updated": 0
  },
  {
    "id": "61b0715f-edd0-4f25-82c6-7c7e598da324",
    "data": [
      {
        "text": "e ",
        "userDefined": false
      },
      {
        "text": "sabato",
        "alias": "date-time",
        "meta": "@sys.date-time",
        "userDefined": true
      }
    ],
    "isTemplate": false,
    "count": 0,
    "updated": 0
  },
  {
    "id": "10ab20c9-0612-43b1-b212-c366e342cdaa",
    "data": [
      {
        "text": "e per ",
        "userDefined": false
      },
      {
        "text": "domani",
        "alias": "date-time",
        "meta": "@sys.date-time",
        "userDefined": true
      }
    ],
    "isTemplate": false,
    "count": 0,
    "updated": 0
  },
  {
    "id": "a105ce3a-b2ce-4c85-a270-ea0ac59edb50",
    "data": [
      {
        "text": "di ",
        "userDefined": false
      },
      {
        "text": "settimana prossima",
        "alias": "date-time",
        "meta": "@sys.date-time",
        "userDefined": true
      }
    ],
    "isTemplate": false,
    "count": 0,
    "updated": 0
  },
  {
    "id": "e5a2d7e6-6240-4a74-a0d8-0a1273a6c2de",
    "data": [
      {
        "text": "pure per ",
        "userDefined": false
      },
      {
        "text": "domani",
        "alias": "date-time",
        "meta": "@sys.date-time",
        "userDefined": true
      }
    ],
    "isTemplate": false,
    "count": 0,
    "updated": 0
  },
  {
    "id": "2f2e6a6d-5907-4f1d-9fb8-c0ffc4e0ade0",
    "data": [
      {
        "text": "e questo ",
        "userDefined": false
      },
      {
        "text": "fine settimana",
        "alias": "date-time",
        "meta": "@sys.date-time",
        "userDefined": true
      }
    ],
    "isTemplate": false,
    "count": 1,
    "updated": 0
  },
  {
    "id": "3d5e9ec7-b2a8-4967-9ae7-9ff70e2c8999",
    "data": [
      {
        "text": "della ",
        "userDefined": false
      },
      {
        "text": "settimana prossima",
        "alias": "date-time",
        "meta": "@sys.date-time",
        "userDefined": true
      }
    ],
    "isTemplate": false,
    "count": 0,
    "updated": 0
  }
]