[
  {
    "id": "914e85e4-b66e-4567-bd2f-609fb5917b27",
    "data": [
      {
        "text": "e a ",
        "userDefined": false
      },
      {
        "text": "Londra",
        "alias": "address",
        "meta": "@sys.location",
        "userDefined": true
      }
    ],
    "isTemplate": false,
    "count": 0,
    "updated": 0
  },
  {
    "id": "4b71d688-532a-4046-9f74-82a5fcc03ce9",
    "data": [
      {
        "text": "per ",
        "userDefined": false
      },
      {
        "text": "New York",
        "alias": "address",
        "meta": "@sys.location",
        "userDefined": true
      }
    ],
    "isTemplate": false,
    "count": 0,
    "updated": 0
  },
  {
    "id": "92bf184a-ad9d-4217-b272-41281f0421ab",
    "data": [
      {
        "text": "puoi controllare a ",
        "userDefined": false
      },
      {
        "text": "Matera",
        "alias": "address",
        "meta": "@sys.location",
        "userDefined": true
      }
    ],
    "isTemplate": false,
    "count": 1,
    "updated": 0
  },
  {
    "id": "050c41d6-ed14-4c33-b3d3-1bef108c6e09",
    "data": [
      {
        "text": "a ",
        "userDefined": false
      },
      {
        "text": "Parigi",
        "alias": "address",
        "meta": "@sys.location",
        "userDefined": true
      }
    ],
    "isTemplate": false,
    "count": 0,
    "updated": 0
  },
  {
    "id": "4b987aad-9782-4950-895a-2d90ca0150f1",
    "data": [
      {
        "text": "anche per ",
        "userDefined": false
      },
      {
        "text": "Genova",
        "alias": "address",
        "meta": "@sys.location",
        "userDefined": true
      }
    ],
    "isTemplate": false,
    "count": 0,
    "updated": 0
  },
  {
    "id": "06eb60f4-fa1e-4244-97fd-55f612903dad",
    "data": [
      {
        "text": "anche a ",
        "userDefined": false
      },
      {
        "text": "Mosca",
        "alias": "address",
        "meta": "@sys.location",
        "userDefined": true
      }
    ],
    "isTemplate": false,
    "count": 0,
    "updated": 0
  },
  {
    "id": "a3124122-9f84-4f62-a071-477d4e637c73",
    "data": [
      {
        "text": "anche per ",
        "userDefined": false
      },
      {
        "text": "Roma",
        "alias": "address",
        "meta": "@sys.location",
        "userDefined": true
      }
    ],
    "isTemplate": false,
    "count": 0,
    "updated": 0
  },
  {
    "id": "fc0c8304-a384-46d2-b1b6-c15f46c558a5",
    "data": [
      {
        "text": "e anche per ",
        "userDefined": false
      },
      {
        "text": "Napoli",
        "alias": "address",
        "meta": "@sys.location",
        "userDefined": true
      }
    ],
    "isTemplate": false,
    "count": 0,
    "updated": 0
  }
]