[
  {
    "id": "2f3f7b40-9848-4d6e-bd4c-86a0f0b54f0e",
    "data": [
      {
        "text": "e le ",
        "userDefined": false
      },
      {
        "text": "nuvole",
        "alias": "condition",
        "meta": "@weather-condition",
        "userDefined": true
      }
    ],
    "isTemplate": false,
    "count": 0,
    "updated": 0
  },
  {
    "id": "9b9d7250-c88d-4225-bd5e-d621226fd725",
    "data": [
      {
        "text": "e la ",
        "userDefined": false
      },
      {
        "text": "pioggia",
        "alias": "condition",
        "meta": "@weather-condition",
        "userDefined": true
      }
    ],
    "isTemplate": false,
    "count": 0,
    "updated": 0
  },
  {
    "id": "a64576ff-3ba5-404e-8906-8fd30dde2e64",
    "data": [
      {
        "text": "e ",
        "userDefined": false
      },
      {
        "text": "nevicherà",
        "alias": "condition",
        "meta": "@weather-condition",
        "userDefined": true
      }
    ],
    "isTemplate": false,
    "count": 0,
    "updated": 0
  }
]