[
  {
    "id": "f3309f55-7168-4454-bd35-7520e19bd0d9",
    "data": [
      {
        "text": "e un ",
        "userDefined": false
      },
      {
        "text": "cappotto",
        "alias": "outfit",
        "meta": "@outfit",
        "userDefined": true
      }
    ],
    "isTemplate": false,
    "count": 0
  },
  {
    "id": "cdd77657-3685-4fca-bc27-c977459f4453",
    "data": [
      {
        "text": "e un ",
        "userDefined": false
      },
      {
        "text": "ombrello",
        "alias": "outfit",
        "meta": "@outfit",
        "userDefined": true
      }
    ],
    "isTemplate": false,
    "count": 0,
    "updated": 0
  },
  {
    "id": "b662b2af-471d-4e44-9512-0cec79aaf295",
    "data": [
      {
        "text": "e i ",
        "userDefined": false
      },
      {
        "text": "guanti",
        "alias": "outfit",
        "meta": "@outfit",
        "userDefined": true
      }
    ],
    "isTemplate": false,
    "count": 1,
    "updated": 0
  },
  {
    "id": "f3305765-954b-4dae-9176-9f4c73d04b46",
    "data": [
      {
        "text": "e l\u0027",
        "userDefined": false
      },
      {
        "text": "ombrello",
        "alias": "outfit",
        "meta": "@outfit",
        "userDefined": true
      }
    ],
    "isTemplate": false,
    "count": 0,
    "updated": 0
  },
  {
    "id": "a72db0ed-e68a-47f5-821d-ab8b888b19f9",
    "data": [
      {
        "text": "anche un ",
        "userDefined": false
      },
      {
        "text": "giubbotto",
        "alias": "outfit",
        "meta": "@outfit",
        "userDefined": true
      }
    ],
    "isTemplate": false,
    "count": 0,
    "updated": 0
  },
  {
    "id": "1900bdf0-c3ac-48ba-aaa9-ea9fb7190894",
    "data": [
      {
        "text": "anche il ",
        "userDefined": false
      },
      {
        "text": "giubbotto",
        "alias": "outfit",
        "meta": "@outfit",
        "userDefined": true
      }
    ],
    "isTemplate": false,
    "count": 0,
    "updated": 0
  }
]