[
  {
    "id": "0f3b314b-6ef4-4f5e-8787-eb4bc5d0339b",
    "data": [
      {
        "text": "il tempo è buono per ",
        "userDefined": false
      },
      {
        "text": "sciare",
        "alias": "activity",
        "meta": "@activity",
        "userDefined": true
      }
    ],
    "isTemplate": false,
    "count": 0,
    "updated": 0
  },
  {
    "id": "4847143f-0907-4ef9-902c-cec6b37c30ab",
    "data": [
      {
        "text": "è una buona idea ",
        "userDefined": false
      },
      {
        "text": "fare un\u0027escursione",
        "alias": "activity",
        "meta": "@activity",
        "userDefined": true
      },
      {
        "text": " ",
        "userDefined": false
      },
      {
        "text": "domani",
        "alias": "date-time",
        "meta": "@sys.date-time",
        "userDefined": true
      }
    ],
    "isTemplate": false,
    "count": 0,
    "updated": 0
  },
  {
    "id": "d000733c-a814-4c67-b3d5-f392ca0615f8",
    "data": [
      {
        "text": "posso ",
        "userDefined": false
      },
      {
        "text": "nuotare",
        "alias": "activity",
        "meta": "@activity",
        "userDefined": true
      }
    ],
    "isTemplate": false,
    "count": 0,
    "updated": 0
  },
  {
    "id": "e6ae6364-f0f8-4ce6-a2c8-5deccffc772f",
    "data": [
      {
        "text": "la temperatura è buona per ",
        "userDefined": false
      },
      {
        "text": "andare in bici",
        "alias": "activity",
        "meta": "@activity",
        "userDefined": true
      }
    ],
    "isTemplate": false,
    "count": 0,
    "updated": 0
  },
  {
    "id": "fdd529d1-bf6b-40d5-9968-9b40f3264b18",
    "data": [
      {
        "text": "posso andare a ",
        "userDefined": false
      },
      {
        "text": "sciare",
        "alias": "activity",
        "meta": "@activity",
        "userDefined": true
      }
    ],
    "isTemplate": false,
    "count": 0,
    "updated": 0
  },
  {
    "id": "5d138bbe-7390-4a73-88c9-b3ef6f4a1121",
    "data": [
      {
        "text": "il tempo è abbastanza buono per ",
        "userDefined": false
      },
      {
        "text": "giocare a frisbee",
        "alias": "activity",
        "meta": "@activity",
        "userDefined": true
      },
      {
        "text": " fuori",
        "userDefined": false
      }
    ],
    "isTemplate": false,
    "count": 0,
    "updated": 0
  },
  {
    "id": "0dcda81a-a368-474b-8180-fde5750d9134",
    "data": [
      {
        "text": "posso ",
        "userDefined": false
      },
      {
        "text": "nuotare",
        "alias": "activity",
        "meta": "@activity",
        "userDefined": true
      },
      {
        "text": " ",
        "userDefined": false
      },
      {
        "text": "oggi",
        "alias": "date-time",
        "meta": "@sys.date-time",
        "userDefined": true
      }
    ],
    "isTemplate": false,
    "count": 0,
    "updated": 0
  },
  {
    "id": "6bb58bdb-8d96-4b00-91be-3fa8c2c4c267",
    "data": [
      {
        "text": "posso ",
        "userDefined": false
      },
      {
        "text": "nuotare",
        "alias": "activity",
        "meta": "@activity",
        "userDefined": true
      },
      {
        "text": " ",
        "userDefined": false
      },
      {
        "text": "oggi",
        "alias": "date-time",
        "meta": "@sys.date-time",
        "userDefined": true
      },
      {
        "text": " a ",
        "userDefined": false
      },
      {
        "text": "Londra",
        "alias": "address",
        "meta": "@sys.location",
        "userDefined": true
      }
    ],
    "isTemplate": false,
    "count": 0,
    "updated": 0
  },
  {
    "id": "40c4428c-6256-476e-9f28-a38342137bfc",
    "data": [
      {
        "text": "andare a ",
        "userDefined": false
      },
      {
        "text": "sciare",
        "alias": "activity",
        "meta": "@activity",
        "userDefined": true
      },
      {
        "text": " ",
        "userDefined": false
      },
      {
        "text": "domani",
        "alias": "date-time",
        "meta": "@sys.date-time",
        "userDefined": true
      },
      {
        "text": " a ",
        "userDefined": false
      },
      {
        "text": "Napoli",
        "alias": "address",
        "meta": "@sys.location",
        "userDefined": true
      }
    ],
    "isTemplate": false,
    "count": 0,
    "updated": 0
  }
]